recno,RAJ2000,DEJ2000,e_RAJ2000,e_DEJ2000,Field,nobs,mobs,B-V,e_B-V,Vmag,e_Vmag,Bmag,e_Bmag,g_mag,e_g_mag,r_mag,e_r_mag,i_mag,e_i_mag
14700651,289.992236,49.443758,0.302,0.452,20122234,4,19,0.497,0.020,15.278,0.017,15.775,0.010,15.379,0.051,15.140,0.015,15.033,0.056
14700652,290.006357,49.422549,0.648,0.663,20122234,3,11,0.906,0.131,16.116,0.055,17.022,0.119,16.465,0.006,15.830,0.041,15.627,0.000
14700656,289.937223,49.424193,0.608,0.911,20122234,4,10,0.452,0.019,16.509,0.006,16.962,0.018,16.649,0.077,16.386,0.078,,
14700659,289.906978,49.440754,0.317,0.357,20122234,4,19,0.641,0.042,14.691,0.025,15.332,0.034,14.915,0.014,14.483,0.020,14.318,0.034
14700660,289.942754,49.449329,0.585,0.456,20122234,4,14,1.032,0.062,15.906,0.046,16.938,0.042,16.399,0.018,15.620,0.084,15.315,0.049
14700661,289.921408,49.479853,0.486,0.739,20122234,4,17,0.837,0.089,15.179,0.075,16.016,0.048,15.510,0.011,14.867,0.033,14.764,0.041
14700662,289.926837,49.472074,0.657,0.851,20122234,2,6,0.289,0.000,16.811,0.000,17.100,0.000,16.820,0.014,16.471,0.111,,
14700741,290.017565,49.519783,0.269,0.269,20122234,4,19,0.711,0.022,14.323,0.019,15.034,0.010,14.586,0.027,14.124,0.021,14.032,0.017
14700747,289.973526,49.484382,0.260,0.298,20122234,4,19,0.562,0.029,14.835,0.026,15.397,0.014,15.009,0.033,14.695,0.030,14.584,0.124
14700748,289.973711,49.469346,0.675,0.517,20122234,4,18,0.698,0.043,15.706,0.041,16.405,0.016,15.952,0.033,15.459,0.006,15.300,0.020
14700749,289.983085,49.516634,0.761,0.576,20122234,2,6,0.739,0.090,16.399,0.043,17.138,0.079,16.773,0.000,16.180,0.000,,
14700750,289.927280,49.540178,0.604,0.511,20122234,4,19,1.055,0.096,14.802,0.089,15.856,0.036,15.246,0.026,14.475,0.088,14.203,0.072
14700751,289.943477,49.517918,1.002,0.492,20122234,4,16,0.740,0.187,15.812,0.081,16.552,0.168,16.141,0.009,15.587,0.124,15.314,0.105
14700752,289.957814,49.525009,0.646,0.750,20122234,4,17,0.505,0.098,15.697,0.097,16.202,0.014,15.816,0.033,15.531,0.110,15.448,0.000
14700753,289.965709,49.534707,0.783,0.887,20122234,4,8,0.572,0.060,15.956,0.056,16.528,0.023,16.109,0.008,15.657,0.064,,
14700755,290.011449,49.539321,0.630,0.379,20122234,4,20,0.767,0.039,14.427,0.037,15.193,0.014,14.717,0.021,14.208,0.022,14.126,0.087
14700756,290.014014,49.549926,0.267,0.324,20122234,4,20,0.670,0.028,13.756,0.022,14.426,0.018,14.010,0.023,13.564,0.033,13.475,0.044
14700758,289.967837,49.546818,0.238,0.298,20122234,4,17,0.706,0.026,14.306,0.025,15.011,0.009,14.599,0.010,14.106,0.023,13.966,0.010
14700759,289.963342,49.575007,1.111,1.014,20122234,2,6,0.440,0.108,16.236,0.070,16.677,0.082,16.317,0.000,15.900,0.000,,
14700760,289.968388,49.594271,0.386,0.964,20122234,4,8,0.501,0.119,15.459,0.088,15.960,0.080,15.599,0.000,15.252,0.000,,
14700761,289.973329,49.568577,0.667,0.418,20122234,4,20,0.440,0.046,14.792,0.042,15.233,0.020,14.907,0.030,14.656,0.000,14.658,0.068
14700762,289.989796,49.582298,0.476,0.429,20122234,4,18,0.712,0.050,15.345,0.042,16.057,0.027,15.575,0.037,15.153,0.044,15.068,0.051
14700775,290.023290,49.566375,0.666,0.801,20122234,3,12,0.932,0.078,16.443,0.056,17.375,0.054,16.737,0.052,16.143,0.011,,
14700779,289.968314,49.599046,0.275,0.464,20122234,4,20,1.129,0.020,14.300,0.014,15.429,0.014,14.785,0.022,13.959,0.030,13.697,0.038
14700780,289.972728,49.612454,0.524,0.496,20122234,4,19,0.779,0.065,15.361,0.047,16.141,0.044,15.679,0.022,15.179,0.041,14.971,0.072
14700781,289.990252,49.605884,0.943,0.569,20122234,2,4,0.688,0.067,16.299,0.000,16.988,0.067,16.530,0.000,16.027,0.000,,
14700782,289.998673,49.592613,0.250,0.481,20122234,4,15,0.498,0.043,15.132,0.016,15.629,0.040,15.283,0.017,14.968,0.011,14.990,0.000
14700788,290.003104,49.644303,0.433,0.188,20122234,4,20,1.184,0.031,13.835,0.029,15.019,0.012,14.347,0.028,13.525,0.031,13.232,0.053
14700789,290.014481,49.642166,0.471,0.380,20122234,3,12,0.598,0.035,15.149,0.028,15.747,0.021,15.356,0.010,14.940,0.062,14.781,0.057
14700791,290.018724,49.671726,0.390,0.770,20122234,4,24,0.645,0.054,15.558,0.042,16.203,0.034,15.767,0.018,15.332,0.044,15.152,0.129
14706748,290.021905,49.711678,0.317,0.358,20122234,4,20,1.219,0.045,14.291,0.036,15.510,0.026,14.816,0.030,13.909,0.016,13.605,0.036
14706750,290.020608,49.743808,0.501,0.370,20122234,4,17,0.701,0.099,15.756,0.081,16.457,0.057,15.975,0.039,15.576,0.041,15.599,0.000
14725962,289.590617,49.416507,0.412,0.334,20122234,4,16,0.921,0.063,15.107,0.055,16.028,0.030,15.506,0.026,14.745,0.014,14.508,0.006
14725963,289.522131,49.424051,0.253,0.369,20122234,4,19,0.523,0.034,14.668,0.032,15.191,0.012,14.853,0.025,14.517,0.060,14.501,0.047
14725965,289.471708,49.418117,0.664,0.594,20122234,4,19,0.705,0.058,15.542,0.043,16.247,0.039,15.834,0.044,15.327,0.021,15.145,0.009
14725966,289.501945,49.429378,0.330,0.456,20122234,4,19,0.701,0.059,14.743,0.057,15.444,0.017,15.009,0.023,14.541,0.029,14.453,0.050
14725967,289.534772,49.440675,0.582,0.659,20122234,2,7,0.571,0.066,15.937,0.010,16.508,0.065,16.060,0.000,15.561,0.000,15.507,0.000
14725968,289.535731,49.421301,0.194,0.337,20122234,4,19,0.535,0.039,13.555,0.038,14.090,0.011,13.747,0.017,13.439,0.041,13.387,0.033
14725970,289.542168,49.476131,0.366,0.642,20122234,4,17,0.485,0.083,15.948,0.056,16.434,0.061,16.067,0.038,15.781,0.107,15.556,0.000
14725971,289.565038,49.454530,0.640,0.773,20122234,3,10,1.019,0.053,16.403,0.048,17.422,0.022,16.865,0.029,15.987,0.030,,
14725972,289.489322,49.483589,0.644,0.774,20122234,3,11,0.713,0.011,16.037,0.000,16.750,0.011,16.284,0.020,15.939,0.119,15.549,0.000
14725973,289.501494,49.487300,0.178,0.301,20122234,4,20,0.712,0.025,14.161,0.014,14.873,0.020,14.438,0.029,13.971,0.028,13.863,0.033
14725974,289.519136,49.488242,0.582,0.453,20122234,3,8,0.942,0.000,16.232,0.000,17.174,0.000,16.721,0.022,16.175,0.016,,
14725975,289.524887,49.465081,0.541,0.701,20122234,4,17,0.687,0.080,15.507,0.075,16.193,0.028,15.745,0.031,15.251,0.020,15.275,0.000
14726091,289.381723,49.422690,0.702,1.003,20122234,2,6,0.456,0.174,17.179,0.064,17.636,0.162,17.245,0.000,16.865,0.000,,
14726117,289.434895,49.473796,0.418,0.519,20122234,4,19,0.663,0.025,15.073,0.013,15.736,0.021,15.293,0.019,14.863,0.035,14.735,0.029
14726118,289.457505,49.463213,0.502,0.532,20122234,4,18,0.876,0.029,15.352,0.026,16.228,0.013,15.702,0.016,15.085,0.041,15.051,0.128
14726119,289.390289,49.460980,0.421,0.609,20122234,4,20,0.507,0.057,15.367,0.045,15.874,0.035,15.566,0.019,15.247,0.056,15.161,0.046
14726120,289.389354,49.500097,1.178,1.113,20122234,3,10,0.618,0.173,16.464,0.045,17.082,0.167,16.606,0.022,16.336,0.147,,
14726122,289.438507,49.501681,0.343,0.637,20122234,4,20,0.565,0.050,14.962,0.047,15.527,0.017,15.154,0.020,14.858,0.061,14.834,0.117
14726123,289.465285,49.477553,0.428,0.791,20122234,3,14,0.738,0.079,15.697,0.066,16.435,0.044,15.966,0.013,15.469,0.049,15.367,0.029
14726125,289.452118,49.521056,0.484,0.582,20122234,4,20,0.958,0.063,15.382,0.056,16.341,0.029,15.776,0.012,15.140,0.035,14.986,0.084
14726126,289.459874,49.501743,0.475,0.520,20122234,2,8,0.585,0.151,16.292,0.150,16.877,0.008,16.539,0.022,16.177,0.081,,
14726127,289.482691,49.509332,0.364,0.528,20122234,4,18,0.683,0.037,15.568,0.015,16.250,0.034,15.807,0.022,15.402,0.048,15.310,0.080
14726128,289.491342,49.505282,0.622,0.657,20122234,2,8,0.467,0.116,16.160,0.061,16.627,0.099,16.215,0.051,16.096,0.027,,
14726129,289.403708,49.517820,0.701,0.455,20122234,4,16,0.882,0.056,15.824,0.054,16.706,0.013,16.201,0.025,15.545,0.020,15.394,0.118
14726130,289.415653,49.512397,0.962,1.199,20122234,2,6,0.404,0.123,16.139,0.116,16.543,0.038,16.298,0.000,15.873,0.000,,
14726131,289.421189,49.516019,0.797,1.730,20122234,2,4,0.646,0.000,15.964,0.000,16.610,0.000,16.325,0.025,15.859,0.000,,
14726133,289.356444,49.524445,0.462,0.544,20122234,4,20,0.939,0.051,15.268,0.043,16.208,0.029,15.673,0.030,14.998,0.058,14.779,0.079
14726134,289.359525,49.508509,0.186,0.426,20122234,4,20,0.865,0.049,14.448,0.041,15.313,0.028,14.802,0.029,14.178,0.041,14.001,0.069
14726139,289.361943,49.554341,0.568,0.501,20122234,4,19,0.587,0.032,15.406,0.011,15.993,0.030,15.602,0.043,15.241,0.019,15.097,0.144
14726140,289.382125,49.514300,0.629,0.411,20122234,4,20,1.343,0.074,14.439,0.071,15.782,0.021,15.106,0.027,13.912,0.020,13.439,0.044
14726141,289.377464,49.552192,0.183,0.372,20122234,4,20,0.997,0.046,13.686,0.046,14.682,0.005,14.114,0.023,13.394,0.030,13.177,0.047
14726142,289.398799,49.563348,0.324,0.979,20122234,4,11,0.762,0.000,15.731,0.000,16.493,0.000,15.975,0.021,15.248,0.058,15.025,0.119
14726143,289.405671,49.557062,1.000,1.064,20122234,2,6,0.571,0.242,16.728,0.235,17.299,0.059,16.967,0.000,16.411,0.000,,
14726216,289.771641,49.425981,0.248,0.308,20122234,4,20,0.706,0.025,13.212,0.023,13.918,0.009,13.481,0.017,13.034,0.032,12.971,0.035
14726219,289.794239,49.446549,0.963,0.508,20122234,3,8,0.572,0.032,15.640,0.000,16.211,0.032,15.752,0.056,15.540,0.049,,
14726227,289.713892,49.433697,0.939,0.816,20122234,4,14,0.565,0.041,14.541,0.040,15.106,0.009,14.706,0.016,14.421,0.024,14.325,0.010
14726228,289.749938,49.424582,0.451,0.770,20122234,2,4,0.396,0.000,16.758,0.000,17.155,0.000,16.939,0.049,16.341,0.000,,
14726229,289.762134,49.418025,0.318,0.243,20122234,4,20,0.472,0.030,13.124,0.028,13.596,0.010,13.271,0.029,13.026,0.031,13.039,0.036
14726230,289.743175,49.470794,0.405,0.439,20122234,4,18,0.920,0.056,15.365,0.034,16.285,0.045,15.723,0.015,15.049,0.040,14.815,0.057
14726231,289.755235,49.459076,0.449,0.316,20122234,4,17,0.563,0.033,15.056,0.023,15.619,0.023,15.260,0.026,14.910,0.024,14.851,0.006
14726232,289.762291,49.454371,0.676,0.839,20122234,3,7,0.770,0.056,16.040,0.000,16.810,0.056,16.255,0.022,15.637,0.125,15.367,0.000
14726233,289.691398,49.459866,0.506,0.408,20122234,4,20,0.499,0.031,14.231,0.025,14.730,0.019,14.385,0.024,14.139,0.015,14.137,0.069
14726234,289.695415,49.494040,0.598,0.463,20122234,4,18,0.506,0.089,14.840,0.083,15.346,0.032,14.986,0.036,14.653,0.078,14.507,0.030
14726235,289.708957,49.482412,0.480,0.582,20122234,4,17,0.623,0.105,16.142,0.076,16.765,0.072,16.385,0.044,15.970,0.111,15.740,0.000
14726236,289.731413,49.476761,0.518,0.586,20122234,4,19,0.137,0.038,14.632,0.024,14.768,0.030,14.578,0.026,14.660,0.046,14.822,0.021
14726237,289.840957,49.439426,0.292,0.270,20122234,4,20,0.724,0.024,13.385,0.017,14.108,0.017,13.663,0.016,13.229,0.041,13.166,0.038
14726239,289.842951,49.454860,0.418,0.450,20122234,4,20,0.818,0.041,15.043,0.023,15.862,0.033,15.365,0.031,14.803,0.012,14.667,0.068
14726240,289.844360,49.481416,0.467,0.567,20122234,4,16,0.795,0.096,15.789,0.067,16.584,0.068,16.093,0.048,15.561,0.107,15.583,0.026
14726241,289.861018,49.464487,0.734,0.845,20122234,4,13,0.642,0.079,16.051,0.055,16.693,0.056,16.214,0.050,15.753,0.107,15.643,0.000
14726243,289.803851,49.461697,0.316,0.405,20122234,4,20,1.000,0.044,13.681,0.040,14.681,0.019,14.103,0.020,13.412,0.020,13.203,0.077
14726244,289.823616,49.463616,0.649,0.543,20122234,4,16,0.882,0.099,15.818,0.092,16.700,0.038,16.163,0.046,15.509,0.018,15.365,0.037
14726245,289.859678,49.490271,0.760,0.492,20122234,3,9,0.692,0.042,15.986,0.032,16.678,0.027,16.195,0.025,15.642,0.000,15.576,0.000
14726247,289.864483,49.511202,0.510,0.788,20122234,4,20,0.738,0.016,14.199,0.014,14.937,0.009,14.470,0.026,13.984,0.036,13.895,0.048
14726249,289.811812,49.509959,0.367,0.603,20122234,3,13,0.734,0.025,15.519,0.023,16.253,0.009,15.795,0.006,15.385,0.073,15.141,0.000
14726250,289.838286,49.500026,0.929,0.885,20122234,4,15,0.503,0.034,15.395,0.026,15.898,0.021,15.538,0.018,15.209,0.097,15.078,0.057
14726251,289.855474,49.506851,0.341,0.368,20122234,4,20,0.491,0.043,14.048,0.040,14.539,0.015,14.205,0.014,13.941,0.048,13.929,0.031
14726252,289.822878,49.540786,0.583,0.578,20122234,4,20,1.042,0.062,14.249,0.056,15.291,0.027,14.680,0.024,13.961,0.048,13.696,0.083
14726253,289.849241,49.519188,0.216,0.321,20122234,4,20,0.570,0.029,13.736,0.026,14.306,0.012,13.937,0.026,13.611,0.030,13.556,0.040
14726254,289.852118,49.538381,0.876,0.855,20122234,3,9,0.719,0.076,15.895,0.058,16.614,0.049,16.175,0.000,15.524,0.000,15.238,0.000
14726255,289.748804,49.486486,0.429,0.346,20122234,2,3,,,,,,,17.210,0.000,16.138,0.000,15.631,0.130
14726256,289.770019,49.486273,0.317,0.353,20122234,4,20,0.739,0.020,14.780,0.012,15.519,0.016,15.059,0.027,14.548,0.025,14.413,0.032
14726257,289.760615,49.512604,0.612,0.737,20122234,3,11,0.698,0.048,15.855,0.033,16.553,0.035,16.094,0.022,15.736,0.017,15.414,0.000
14726258,289.798076,49.497420,0.732,0.837,20122234,4,13,0.536,0.096,15.682,0.094,16.218,0.021,15.849,0.043,15.555,0.099,15.461,0.000
14726259,289.732909,49.489410,0.293,0.365,20122234,4,19,0.607,0.031,14.743,0.026,15.350,0.017,14.962,0.022,14.569,0.019,14.528,0.048
14726260,289.736757,49.506107,0.446,1.017,20122234,3,10,0.480,0.103,16.109,0.092,16.590,0.045,16.222,0.026,15.901,0.129,,
14726262,289.740792,49.516240,0.281,0.309,20122234,4,20,0.670,0.030,13.347,0.028,14.018,0.011,13.597,0.018,13.177,0.033,13.097,0.042
14726263,289.749471,49.536889,0.450,0.351,20122234,4,17,0.531,0.026,13.632,0.026,14.163,0.000,13.819,0.026,13.543,0.006,13.528,0.047
14726264,289.785702,49.525761,0.449,0.554,20122234,4,21,0.584,0.039,15.677,0.032,16.261,0.022,15.851,0.009,15.340,0.027,15.036,0.000
14726265,289.789506,49.539840,1.121,1.047,20122234,4,11,0.666,0.036,15.583,0.000,16.249,0.036,16.165,0.186,15.454,0.124,15.303,0.011
14726266,289.804628,49.552627,0.545,0.495,20122234,2,6,0.083,0.071,16.482,0.061,16.565,0.036,16.390,0.000,16.418,0.000,,
14726267,289.730043,49.563497,0.240,0.581,20122234,4,13,0.736,0.076,15.453,0.053,16.189,0.054,15.735,0.056,15.233,0.043,15.033,0.000
14726269,289.767259,49.575929,1.004,0.781,20122234,4,14,1.034,0.044,15.475,0.000,16.509,0.044,15.818,0.020,15.130,0.044,14.829,0.067
14726270,289.634571,49.431382,0.465,0.326,20122234,4,18,0.487,0.053,13.584,0.051,14.072,0.011,13.746,0.022,13.461,0.020,13.424,0.062
14726271,289.654624,49.458065,0.960,0.336,20122234,3,9,,,,,,,14.016,0.028,13.104,0.033,12.803,0.020
14726272,289.666214,49.447387,0.354,0.319,20122234,4,19,0.649,0.014,14.719,0.012,15.368,0.008,14.948,0.014,14.546,0.033,14.536,0.088
14726273,289.589393,49.457484,0.485,0.331,20122234,4,20,0.730,0.048,14.177,0.047,14.907,0.006,14.464,0.021,13.965,0.049,13.868,0.031
14726274,289.591350,49.473008,0.727,0.507,20122234,4,18,0.457,0.043,14.861,0.035,15.318,0.024,14.980,0.038,14.732,0.087,14.716,0.097
14726275,289.597086,49.452127,0.433,0.712,20122234,3,11,0.922,0.060,15.644,0.042,16.566,0.043,16.035,0.009,15.239,0.078,14.923,0.000
14726276,289.610843,49.494886,0.596,0.640,20122234,4,19,0.551,0.075,15.510,0.069,16.061,0.029,15.677,0.051,15.379,0.064,15.393,0.037
14726277,289.676253,49.467860,0.430,0.348,20122234,4,20,0.749,0.036,14.337,0.034,15.085,0.010,14.617,0.020,14.096,0.026,14.005,0.095
14726278,289.665651,49.498198,0.363,0.402,20122234,4,17,1.208,0.065,14.764,0.039,15.971,0.053,15.329,0.026,14.419,0.047,14.186,0.055
14726279,289.676183,49.501735,0.307,0.652,20122234,4,20,0.773,0.034,14.846,0.018,15.619,0.029,15.186,0.021,14.620,0.030,14.402,0.037
14726280,289.605512,49.521029,0.424,0.663,20122234,4,16,0.572,0.069,15.637,0.062,16.210,0.032,15.836,0.019,15.518,0.027,15.376,0.095
14726281,289.537136,49.484673,0.850,0.299,20122234,2,6,0.516,0.040,15.893,0.000,16.408,0.040,16.131,0.014,15.686,0.093,,
14726283,289.559258,49.481459,0.441,0.451,20122234,4,20,1.113,0.034,14.192,0.025,15.304,0.023,14.691,0.025,13.882,0.053,13.654,0.066
14726284,289.572678,49.472925,1.004,0.660,20122234,2,6,1.391,0.000,16.432,0.000,17.823,0.000,17.089,0.000,15.675,0.000,14.927,0.262
14726285,289.577459,49.484168,0.908,0.403,20122234,2,8,0.857,0.153,15.789,0.121,16.646,0.093,16.125,0.014,15.597,0.111,,
14726286,289.574822,49.493669,0.950,0.747,20122234,4,12,0.833,0.093,16.060,0.077,16.893,0.051,16.412,0.041,15.819,0.051,,
14726287,289.503221,49.512892,0.509,0.877,20122234,2,9,0.635,0.046,15.467,0.020,16.102,0.041,15.662,0.026,15.236,0.170,15.229,0.000
14726288,289.514735,49.524018,0.904,0.964,20122234,2,6,0.732,0.351,16.766,0.206,17.498,0.284,17.018,0.000,16.468,0.000,,
14726289,289.539610,49.500977,0.695,0.991,20122234,2,7,0.589,0.065,16.123,0.052,16.712,0.039,16.297,0.000,15.987,0.000,15.555,0.000
14726290,289.509195,49.534236,0.354,0.720,20122234,4,17,0.763,0.057,15.255,0.053,16.018,0.022,15.560,0.006,15.043,0.058,14.969,0.115
14726291,289.534375,49.544679,0.835,0.335,20122234,2,6,0.648,0.142,16.707,0.046,17.355,0.134,16.851,0.000,16.890,0.000,,
14726292,289.570544,49.546175,0.790,0.876,20122234,2,6,0.675,0.062,16.241,0.016,16.917,0.060,16.483,0.000,15.958,0.000,,
14726293,289.581439,49.524090,0.414,0.482,20122234,4,17,0.493,0.038,14.286,0.032,14.779,0.021,14.467,0.016,14.140,0.033,14.103,0.058
14726294,289.571823,49.559541,0.279,0.513,20122234,4,20,0.672,0.032,14.196,0.031,14.868,0.006,14.446,0.031,14.025,0.019,13.980,0.041
14726295,289.578304,49.572314,0.280,0.385,20122234,4,20,0.460,0.033,13.548,0.027,14.008,0.019,13.691,0.026,13.435,0.019,13.426,0.050
14726296,289.582623,49.553925,0.394,0.487,20122234,3,15,0.681,0.030,14.668,0.030,15.348,0.006,14.964,0.011,14.493,0.038,14.405,0.035
14726298,289.517985,49.557784,0.427,0.460,20122234,4,16,0.666,0.035,14.954,0.026,15.620,0.024,15.238,0.020,14.783,0.031,14.679,0.053
14726299,289.539513,49.577162,0.356,0.430,20122234,4,19,0.546,0.026,14.448,0.014,14.994,0.021,14.614,0.019,14.270,0.035,14.227,0.066
14726300,289.679678,49.544997,1.037,1.082,20122234,3,8,0.619,0.044,16.374,0.014,16.993,0.042,16.446,0.000,16.495,0.000,,
14726301,289.710935,49.561628,0.298,0.450,20122234,4,20,0.381,0.066,13.954,0.056,14.336,0.035,13.996,0.041,13.821,0.041,13.777,0.082
14726302,289.668593,49.561895,0.982,1.156,20122234,2,4,,,,,,,14.673,0.170,13.358,0.024,,
14726303,289.692397,49.587847,0.757,0.407,20122234,4,19,0.995,0.014,13.933,0.012,14.928,0.008,14.405,0.023,13.603,0.016,13.312,0.060
14726304,289.707969,49.585681,1.139,0.580,20122234,2,4,0.842,0.102,16.477,0.000,17.319,0.102,16.936,0.000,16.097,0.000,,
14726305,289.709947,49.570662,0.299,0.311,20122234,4,19,0.881,0.032,13.543,0.030,14.423,0.011,13.900,0.027,13.299,0.017,13.133,0.038
14726306,289.732839,49.579692,0.638,0.500,20122234,4,17,0.700,0.048,15.322,0.026,16.022,0.041,15.557,0.035,15.020,0.069,14.899,0.075
14726309,289.670905,49.598242,0.342,0.293,20122234,4,20,1.097,0.023,14.022,0.012,15.119,0.019,14.503,0.020,13.677,0.050,13.437,0.032
14726310,289.677790,49.643787,0.918,1.314,20122234,4,12,0.648,0.144,16.919,0.092,17.567,0.111,17.103,0.034,16.691,0.142,,
14726311,289.600558,49.597841,0.261,0.674,20122234,4,19,0.584,0.032,14.205,0.030,14.788,0.013,14.399,0.021,14.023,0.029,13.969,0.172
14726312,289.621593,49.586070,0.671,0.786,20122234,2,5,0.926,0.072,16.035,0.000,16.961,0.072,16.432,0.000,15.606,0.000,15.401,0.000
14726313,289.595800,49.608718,0.379,0.796,20122234,3,10,0.763,0.030,15.069,0.029,15.832,0.008,15.388,0.000,14.965,0.052,14.726,0.086
14726314,289.601138,49.627644,0.602,0.830,20122234,3,9,1.015,0.180,16.204,0.154,17.219,0.093,16.596,0.034,15.962,0.043,15.537,0.000
14726315,289.612177,49.597155,0.352,0.240,20122234,4,20,0.650,0.039,13.924,0.039,14.574,0.005,14.147,0.023,13.718,0.036,13.590,0.086
14726316,289.556241,49.596487,0.342,0.655,20122234,4,18,0.626,0.060,15.323,0.022,15.949,0.056,15.518,0.028,15.160,0.052,15.038,0.118
14726318,289.581896,49.599958,0.371,0.450,20122234,4,20,0.746,0.054,14.389,0.052,15.135,0.012,14.667,0.021,14.171,0.026,14.005,0.077
14726319,289.557160,49.626199,0.902,0.587,20122234,3,8,1.086,0.000,16.546,0.000,17.632,0.000,17.065,0.058,16.386,0.074,,
14726320,289.568726,49.623858,0.291,0.573,20122234,4,20,0.628,0.031,14.577,0.029,15.205,0.011,14.797,0.022,14.379,0.028,14.311,0.076
14726321,289.624506,49.629121,0.419,0.587,20122234,4,20,0.561,0.071,15.377,0.068,15.938,0.022,15.545,0.026,15.194,0.046,15.065,0.084
14726322,289.646152,49.649383,1.005,0.124,20122234,2,4,0.984,0.000,16.669,0.000,17.653,0.000,17.088,0.049,16.535,0.000,,
14726323,289.585142,49.663316,0.293,0.311,20122234,4,20,0.507,0.028,14.532,0.027,15.040,0.005,14.708,0.022,14.392,0.023,14.321,0.116
14726324,289.586504,49.651501,0.691,1.144,20122234,4,15,0.622,0.112,16.138,0.111,16.760,0.014,16.336,0.058,15.981,0.052,16.106,0.000
14726325,289.596828,49.636963,0.306,0.616,20122234,4,17,0.575,0.023,14.262,0.015,14.837,0.017,14.470,0.026,14.106,0.043,14.084,0.000
14726326,289.888144,49.570587,0.243,0.414,20122234,4,20,1.025,0.027,14.406,0.018,15.431,0.021,14.827,0.025,14.115,0.039,13.878,0.027
14726327,289.907282,49.552831,0.407,0.433,20122234,4,20,0.470,0.057,14.990,0.041,15.460,0.039,15.139,0.032,14.887,0.014,14.874,0.047
14726328,289.927172,49.548835,0.751,0.694,20122234,3,13,0.530,0.140,15.978,0.123,16.508,0.066,16.169,0.029,15.755,0.033,15.612,0.000
14726330,289.852166,49.589372,0.841,0.655,20122234,2,6,1.216,0.000,16.731,0.000,17.947,0.000,17.339,0.000,16.672,0.000,,
14726331,289.856202,49.574953,1.518,0.737,20122234,3,6,0.519,0.058,16.779,0.011,17.298,0.057,16.896,0.000,16.521,0.000,,
14726332,289.899108,49.590371,0.493,0.562,20122234,4,17,1.195,0.177,15.729,0.152,16.923,0.091,16.237,0.087,15.090,0.097,14.613,0.121
14726333,289.910171,49.613115,0.432,0.321,20122234,4,20,0.637,0.027,14.019,0.024,14.656,0.014,14.248,0.024,13.840,0.012,13.774,0.054
14726335,289.947727,49.602025,0.354,0.319,20122234,4,20,0.813,0.026,14.488,0.022,15.301,0.014,14.816,0.017,14.261,0.025,14.084,0.063
14726336,289.873411,49.620399,0.606,0.346,20122234,3,4,,,,,,,16.106,0.000,15.033,0.000,14.470,0.049
14726337,289.878642,49.588886,0.426,0.523,20122234,4,19,0.578,0.030,15.073,0.026,15.651,0.014,15.242,0.043,14.875,0.026,14.768,0.086
14726338,289.878290,49.637652,0.346,0.274,20122234,4,20,0.583,0.030,13.501,0.029,14.083,0.009,13.691,0.023,13.350,0.029,13.268,0.042
14726339,289.825767,49.574625,0.848,0.512,20122234,4,12,0.585,0.019,15.607,0.017,16.193,0.009,15.786,0.010,15.489,0.008,15.364,0.101
14726340,289.814477,49.603335,0.158,1.069,20122234,3,6,0.277,0.079,13.648,0.075,13.925,0.026,13.688,0.000,13.634,0.000,,
14726341,289.816243,49.619652,0.538,0.719,20122234,4,20,0.656,0.040,15.512,0.026,16.168,0.031,15.711,0.029,15.350,0.105,15.155,0.062
14726342,289.830309,49.590913,0.803,0.982,20122234,3,7,0.640,0.228,16.990,0.172,17.630,0.149,17.185,0.000,16.877,0.000,16.353,0.000
14726343,289.761682,49.609692,0.348,0.462,20122234,4,17,0.485,0.062,15.045,0.059,15.530,0.020,15.205,0.029,14.931,0.014,14.887,0.053
14726345,289.793237,49.601292,0.345,0.359,20122234,4,20,0.584,0.038,13.724,0.029,14.308,0.024,13.918,0.021,13.569,0.029,13.497,0.020
14726347,289.825611,49.643787,0.508,0.783,20122234,3,15,0.746,0.040,15.517,0.034,16.264,0.022,15.822,0.027,15.274,0.014,15.128,0.033
14726348,289.833473,49.669024,0.463,0.775,20122234,4,18,0.818,0.067,15.312,0.040,16.129,0.053,15.630,0.032,15.060,0.069,14.961,0.158
14726349,289.851712,49.662633,0.693,0.437,20122234,3,10,0.236,0.144,16.310,0.143,16.546,0.009,16.289,0.031,16.385,0.109,,
14726350,289.862700,49.637257,0.347,0.435,20122234,4,20,0.672,0.028,14.702,0.016,15.374,0.023,14.937,0.027,14.479,0.027,14.418,0.038
14726351,289.779841,49.670924,0.641,0.524,20122234,4,20,1.115,0.086,15.302,0.050,16.417,0.070,15.799,0.023,14.875,0.025,14.600,0.046
14726352,289.803570,49.645765,0.454,0.389,20122234,4,20,0.904,0.029,14.680,0.020,15.584,0.022,15.040,0.021,14.414,0.031,14.190,0.030
14726353,289.808962,49.632805,1.240,1.070,20122234,3,8,0.885,0.076,16.370,0.051,17.256,0.056,16.608,0.000,16.155,0.000,,
14726354,289.797204,49.692248,0.511,0.626,20122234,4,12,0.699,0.061,15.874,0.020,16.573,0.058,16.102,0.011,15.641,0.038,,
14726356,289.804710,49.665277,0.878,0.750,20122234,4,15,0.424,0.051,16.151,0.000,16.574,0.051,16.251,0.037,16.065,0.064,15.962,0.000
14726357,289.817435,49.672645,0.467,1.199,20122234,3,14,0.545,0.097,15.193,0.054,15.738,0.080,15.316,0.077,14.922,0.010,14.788,0.079
14726358,289.925577,49.644307,0.508,0.361,20122234,4,19,0.581,0.042,14.706,0.029,15.287,0.031,14.899,0.026,14.535,0.025,14.525,0.031
14726359,289.938324,49.642762,0.542,0.340,20122234,4,15,0.411,0.139,15.824,0.131,16.235,0.045,15.925,0.052,15.707,0.050,15.714,0.000
14726360,289.936434,49.656141,0.622,1.143,20122234,3,8,0.839,0.111,16.278,0.097,17.118,0.055,16.570,0.044,16.109,0.035,,
14726361,289.949591,49.658588,0.903,0.884,20122234,4,13,0.618,0.073,16.102,0.069,16.721,0.026,16.257,0.043,15.859,0.088,15.762,0.000
14726362,289.970316,49.647066,0.366,0.328,20122234,4,20,0.572,0.031,13.835,0.020,14.408,0.024,14.026,0.023,13.700,0.042,13.639,0.023
14726363,289.882143,49.660537,0.598,0.256,20122234,4,20,0.445,0.046,14.308,0.036,14.753,0.029,14.432,0.033,14.200,0.032,14.184,0.076
14726365,289.924948,49.669004,0.223,0.262,20122234,4,19,0.470,0.034,14.132,0.031,14.602,0.016,14.272,0.025,14.020,0.049,13.974,0.028
14726366,289.949906,49.680126,0.500,0.566,20122234,4,18,0.644,0.058,15.398,0.057,16.042,0.006,15.615,0.040,15.198,0.063,15.159,0.106
14726367,289.956777,49.670269,0.566,1.074,20122234,2,8,0.726,0.060,16.296,0.044,17.022,0.041,16.572,0.016,16.086,0.116,,
14726368,289.974859,49.681453,0.900,0.498,20122234,4,17,0.567,0.026,15.619,0.010,16.186,0.024,15.792,0.039,15.452,0.082,15.304,0.091
14726370,289.948837,49.703595,0.599,0.595,20122234,4,20,0.544,0.070,15.434,0.054,15.978,0.045,15.638,0.032,15.325,0.041,15.229,0.032
14726371,289.968267,49.695709,0.626,0.632,20122234,3,12,0.662,0.111,16.743,0.094,17.405,0.059,16.985,0.014,16.639,0.147,,
14726372,289.981295,49.700022,0.536,0.740,20122234,3,13,0.617,0.136,16.509,0.101,17.126,0.092,16.703,0.009,16.111,0.064,15.836,0.000
14726373,289.993474,49.698659,0.488,0.607,20122234,4,14,0.667,0.059,15.185,0.042,15.851,0.041,15.405,0.029,14.982,0.036,14.862,0.047
14726374,289.914868,49.709524,0.305,0.373,20122234,4,20,0.955,0.031,14.090,0.030,15.045,0.008,14.486,0.023,13.842,0.027,13.616,0.061
14726375,289.917922,49.746248,0.379,0.536,20122234,2,6,1.091,0.097,16.256,0.000,17.347,0.097,16.740,0.031,15.869,0.031,,
14726376,289.936599,49.729741,0.304,0.361,20122234,4,20,0.644,0.033,13.558,0.030,14.202,0.015,13.802,0.029,13.408,0.036,13.273,0.042
14726377,289.952821,49.718273,0.393,0.371,20122234,4,20,1.111,0.036,14.834,0.034,15.945,0.010,15.300,0.042,14.476,0.040,14.213,0.043
14726379,289.850751,49.705818,1.110,0.562,20122234,4,14,0.619,0.179,16.298,0.116,16.917,0.136,16.444,0.016,15.929,0.058,15.725,0.052
14726380,289.859570,49.695174,0.816,0.689,20122234,2,8,0.757,0.079,16.575,0.045,17.333,0.065,16.843,0.008,16.424,0.121,,
14726381,289.864235,49.706216,0.941,0.922,20122234,3,7,0.733,0.053,15.738,0.030,16.471,0.043,,,15.594,0.000,,
14726383,289.884201,49.693882,0.381,0.358,20122234,4,19,0.680,0.058,15.086,0.051,15.766,0.027,15.328,0.040,14.924,0.040,14.794,0.022
14726384,289.820871,49.705154,0.957,0.707,20122234,2,4,0.851,0.000,16.703,0.000,17.554,0.000,16.971,0.050,16.522,0.000,,
14726385,289.825475,49.692292,0.451,0.643,20122234,4,15,0.750,0.077,15.253,0.070,16.003,0.033,15.516,0.019,14.990,0.087,14.654,0.000
14726387,289.904855,49.725395,0.514,0.546,20122234,4,20,0.457,0.047,14.925,0.043,15.382,0.019,15.033,0.026,14.786,0.008,14.729,0.067
14726388,289.834083,49.763400,0.334,0.372,20122234,4,20,1.038,0.032,14.262,0.023,15.301,0.023,14.686,0.028,13.966,0.016,13.701,0.030
14726390,289.835493,49.789265,0.280,0.461,20122234,4,19,0.651,0.035,15.300,0.028,15.951,0.021,15.508,0.034,15.059,0.050,14.886,0.073
14726391,289.868701,49.778322,0.483,0.951,20122234,3,11,0.541,0.141,15.941,0.131,16.482,0.051,16.073,0.033,15.891,0.034,15.495,0.000
14726392,289.746647,49.613610,0.511,0.545,20122234,4,13,0.605,0.104,15.629,0.103,16.234,0.016,15.860,0.026,15.527,0.026,15.338,0.000
14726393,289.705351,49.637263,0.210,0.346,20122234,4,20,0.411,0.047,13.541,0.045,13.953,0.015,13.660,0.023,13.457,0.046,13.455,0.010
14726394,289.697446,49.687849,0.907,0.426,20122234,4,11,0.540,0.114,16.068,0.096,16.607,0.061,16.167,0.000,15.781,0.000,15.660,0.000
14726395,289.703518,49.671618,0.366,0.424,20122234,4,20,0.988,0.032,14.865,0.032,15.854,0.005,15.256,0.015,14.564,0.029,14.325,0.013
14726396,289.740533,49.691103,0.265,0.304,20122234,4,20,1.077,0.031,13.667,0.031,14.744,0.000,14.149,0.023,13.373,0.026,13.074,0.032
14726397,289.743038,49.677001,0.169,0.288,20122234,4,20,1.114,0.024,13.872,0.023,14.986,0.008,14.355,0.022,13.549,0.030,13.278,0.035
14726398,289.759235,49.663077,0.451,0.543,20122234,4,18,0.753,0.077,15.465,0.068,16.219,0.036,15.735,0.029,15.225,0.036,15.100,0.154
14726399,289.773573,49.681814,0.531,0.634,20122234,4,17,0.561,0.069,15.655,0.056,16.216,0.039,15.807,0.029,15.491,0.042,15.374,0.074
14726400,289.746453,49.702436,0.457,0.410,20122234,4,20,0.686,0.037,14.840,0.024,15.526,0.028,15.098,0.027,14.644,0.037,14.574,0.038
14726401,289.763763,49.716578,0.282,0.344,20122234,4,20,0.618,0.034,13.305,0.033,13.923,0.009,13.520,0.021,13.145,0.014,13.044,0.048
14726402,289.788255,49.695973,0.832,0.666,20122234,2,6,0.427,0.071,16.596,0.000,17.023,0.071,16.703,0.041,16.208,0.011,,
14726404,289.711686,49.692141,0.776,0.719,20122234,3,8,0.830,0.115,16.740,0.000,17.570,0.115,17.149,0.052,16.716,0.120,,
14726405,289.725585,49.695935,0.632,0.608,20122234,4,16,1.378,0.105,15.817,0.097,17.195,0.042,16.468,0.056,15.292,0.013,14.824,0.077
14726406,289.729184,49.685892,0.485,0.863,20122234,4,13,0.484,0.113,15.826,0.055,16.310,0.099,15.858,0.031,15.567,0.079,15.445,0.000
14726407,289.735562,49.717088,0.225,0.822,20122234,3,10,0.623,0.064,16.260,0.030,16.883,0.057,16.429,0.033,16.009,0.011,,
14726408,289.634431,49.690209,0.337,0.485,20122234,4,19,0.629,0.027,14.653,0.017,15.282,0.020,14.875,0.023,14.465,0.052,14.429,0.050
14726411,289.657170,49.715916,0.464,0.583,20122234,3,14,0.666,0.046,15.218,0.029,15.884,0.036,15.473,0.029,15.020,0.043,15.002,0.164
14726412,289.669887,49.684287,0.630,0.617,20122234,4,15,0.796,0.042,15.878,0.042,16.674,0.000,16.212,0.038,15.629,0.013,15.457,0.000
14726413,289.589043,49.700849,0.616,1.090,20122234,2,7,0.622,0.008,15.876,0.008,16.498,0.000,16.079,0.000,15.688,0.000,15.428,0.000
14726414,289.590421,49.715732,0.370,0.568,20122234,4,20,0.404,0.042,13.098,0.037,13.502,0.021,13.216,0.024,13.014,0.051,12.983,0.032
14726415,289.631143,49.697787,0.418,0.445,20122234,4,19,0.734,0.035,14.571,0.034,15.306,0.008,14.833,0.017,14.378,0.047,14.303,0.045
14726416,289.627840,49.724264,0.523,0.462,20122234,3,13,0.525,0.030,15.193,0.011,15.718,0.028,15.339,0.016,14.998,0.046,14.846,0.000
14726417,289.652059,49.733771,0.421,0.490,20122234,4,19,0.548,0.046,15.013,0.043,15.561,0.017,15.140,0.037,14.843,0.030,14.742,0.041
14726419,289.689746,49.716836,0.777,0.705,20122234,4,15,0.441,0.085,16.147,0.046,16.588,0.071,16.203,0.039,15.874,0.014,15.459,0.000
14726420,289.680755,49.745844,0.312,0.375,20122234,4,19,0.480,0.037,14.050,0.032,14.530,0.018,14.193,0.033,13.933,0.030,13.898,0.048
14726422,289.692087,49.737726,0.194,0.566,20122234,4,20,0.402,0.036,14.266,0.024,14.668,0.027,14.360,0.025,14.156,0.074,14.098,0.093
14726424,289.620747,49.758677,0.337,0.517,20122234,4,18,1.021,0.099,14.949,0.091,15.970,0.039,15.362,0.039,14.637,0.093,14.284,0.025
14726425,289.645976,49.784086,0.627,0.759,20122234,3,10,0.670,0.178,16.327,0.016,16.996,0.177,16.538,0.024,16.096,0.079,,
14726426,289.652849,49.759748,0.319,0.516,20122234,4,19,0.536,0.070,15.098,0.068,15.634,0.016,15.267,0.035,14.930,0.054,14.913,0.074
14726427,289.764076,49.746431,0.586,0.618,20122234,4,18,0.436,0.057,15.709,0.054,16.145,0.019,15.809,0.031,15.537,0.085,15.535,0.145
14726428,289.777727,49.743264,0.516,0.502,20122234,4,19,0.657,0.046,15.213,0.032,15.870,0.033,15.433,0.026,14.979,0.024,14.801,0.139
14726429,289.806105,49.742190,0.443,0.438,20122234,4,20,0.692,0.048,14.440,0.037,15.132,0.031,14.691,0.016,14.231,0.041,14.149,0.037
14726430,289.722704,49.768374,1.148,0.777,20122234,3,8,0.695,0.092,16.661,0.071,17.356,0.058,17.017,0.000,16.490,0.000,,
14726431,289.749681,49.752553,0.682,1.432,20122234,2,4,0.557,0.000,16.715,0.000,17.272,0.000,16.923,0.042,16.423,0.000,,
14726432,289.750346,49.732721,0.286,0.322,20122234,4,20,0.635,0.027,13.793,0.019,14.428,0.020,14.022,0.022,13.621,0.035,13.512,0.036
14726433,289.729419,49.776055,0.833,0.588,20122234,4,14,0.867,0.093,15.851,0.070,16.719,0.061,16.152,0.009,15.548,0.023,15.289,0.106
14726434,289.737702,49.768164,0.333,0.566,20122234,4,15,0.594,0.037,15.545,0.037,16.138,0.000,15.771,0.013,15.377,0.054,15.283,0.000
14726435,289.763685,49.758885,0.309,0.377,20122234,4,20,0.950,0.029,14.257,0.027,15.207,0.009,14.670,0.023,14.007,0.037,13.770,0.023
14726436,289.796407,49.808019,1.007,0.989,20122234,3,4,0.314,0.000,16.424,0.000,16.738,0.000,,,16.135,0.011,,
14726439,289.754084,49.798307,0.414,0.376,20122234,4,19,0.555,0.032,15.348,0.026,15.903,0.019,15.507,0.035,15.193,0.028,15.040,0.006
14726440,289.767044,49.804853,1.100,0.558,20122234,2,5,0.914,0.113,16.560,0.000,17.473,0.113,16.962,0.000,16.256,0.000,15.632,0.000
14726441,289.782695,49.800218,0.373,0.798,20122234,4,21,0.695,0.131,15.952,0.047,16.647,0.123,16.188,0.009,15.736,0.112,15.722,0.000
14726442,289.763908,49.815146,0.384,0.566,20122234,2,8,0.813,0.092,16.167,0.047,16.980,0.080,16.530,0.008,15.902,0.081,,
14726443,289.768860,49.830777,0.202,0.163,20122234,4,19,1.057,0.042,13.693,0.041,14.750,0.005,14.133,0.024,13.362,0.026,13.088,0.024
14726444,289.695475,49.763961,0.490,0.633,20122234,4,19,0.546,0.054,15.396,0.023,15.942,0.048,15.540,0.018,15.199,0.017,15.196,0.116
14726446,289.684353,49.799660,0.494,0.546,20122234,4,19,0.414,0.091,15.188,0.072,15.602,0.055,15.274,0.040,15.010,0.055,14.992,0.127
14726447,289.700446,49.812001,0.487,0.986,20122234,3,11,0.712,0.075,15.960,0.061,16.672,0.045,16.198,0.011,15.615,0.012,15.462,0.000
14726448,289.653849,49.807568,0.244,0.324,20122234,4,20,0.682,0.024,13.424,0.022,14.106,0.011,13.681,0.028,13.237,0.026,13.117,0.039
14726449,289.671546,49.798717,0.972,0.798,20122234,2,4,0.587,0.090,16.635,0.000,17.221,0.090,16.771,0.000,16.535,0.000,,
14726450,289.670845,49.827413,0.500,0.577,20122234,4,20,0.597,0.032,14.981,0.021,15.578,0.023,15.166,0.006,14.798,0.036,14.773,0.115
14726451,289.708171,49.843588,0.912,0.765,20122234,2,6,0.627,0.000,16.713,0.000,17.340,0.000,16.983,0.229,16.401,0.089,,
14726452,289.720519,49.817366,0.639,0.537,20122234,3,14,0.906,0.029,15.506,0.026,16.412,0.014,15.837,0.030,15.229,0.045,15.025,0.079
14726454,289.739420,49.820700,0.427,1.157,20122234,4,13,0.912,0.087,15.702,0.082,16.614,0.031,16.105,0.025,15.442,0.000,15.179,0.000
14726457,289.741515,49.842170,0.264,0.307,20122234,4,18,0.511,0.039,14.609,0.036,15.120,0.016,14.759,0.034,14.467,0.035,14.453,0.011
14726458,289.745086,49.828745,0.467,0.811,20122234,4,12,1.100,0.061,15.941,0.011,17.041,0.060,16.397,0.028,15.484,0.031,,
14726460,289.690043,49.830188,0.793,0.863,20122234,3,7,0.436,0.055,16.343,0.047,16.779,0.029,16.454,0.000,16.483,0.000,16.097,0.000
14726463,289.467603,49.526020,0.901,0.706,20122234,4,15,0.570,0.099,16.096,0.077,16.666,0.062,16.261,0.048,15.871,0.117,15.731,0.000
14726464,289.469401,49.541248,0.476,0.692,20122234,2,10,1.055,0.109,16.071,0.021,17.125,0.107,16.453,0.029,15.743,0.041,15.354,0.051
14726465,289.485182,49.519684,0.482,0.524,20122234,3,12,0.636,0.048,15.990,0.026,16.626,0.040,16.218,0.026,15.818,0.029,,
14726466,289.477946,49.576905,1.144,0.352,20122234,2,7,0.900,0.000,16.656,0.000,17.557,0.000,16.975,0.140,16.460,0.069,16.014,0.000
14726467,289.487109,49.555082,0.406,0.798,20122234,4,19,0.737,0.041,15.171,0.037,15.909,0.019,15.479,0.021,15.046,0.089,15.037,0.055
14726468,289.416218,49.562234,0.786,0.824,20122234,3,14,1.257,0.055,15.612,0.026,16.869,0.048,16.211,0.045,15.151,0.087,14.776,0.019
14726469,289.426589,49.569724,0.555,0.589,20122234,3,12,0.743,0.146,16.053,0.038,16.796,0.140,16.308,0.022,15.911,0.059,,
14726470,289.445027,49.584179,0.594,0.431,20122234,3,13,1.066,0.074,14.684,0.068,15.750,0.030,15.135,0.006,14.353,0.017,14.099,0.054
14726471,289.486696,49.577033,0.330,0.419,20122234,4,20,0.498,0.038,13.209,0.035,13.707,0.015,13.376,0.025,13.115,0.049,13.089,0.052
14726473,289.497216,49.611497,0.523,0.766,20122234,3,12,0.631,0.072,16.197,0.053,16.827,0.048,16.350,0.057,15.977,0.000,,
14726474,289.511078,49.614103,0.433,0.485,20122234,4,20,0.891,0.069,15.831,0.064,16.722,0.025,16.158,0.034,15.549,0.067,,
14726476,289.465014,49.613892,0.490,1.044,20122234,3,10,0.879,0.201,16.465,0.170,17.344,0.108,16.748,0.021,15.954,0.107,,
14726477,289.469518,49.594419,0.472,0.781,20122234,4,15,0.562,0.120,15.756,0.106,16.319,0.055,15.952,0.025,15.516,0.019,15.413,0.000
14726478,289.471498,49.584654,0.256,0.352,20122234,4,20,0.951,0.053,14.727,0.044,15.678,0.029,15.148,0.021,14.393,0.027,14.176,0.082
14726479,289.474146,49.615130,0.397,0.424,20122234,4,20,0.897,0.077,14.527,0.072,15.424,0.028,14.865,0.017,14.259,0.019,14.050,0.022
14726481,289.484740,49.616459,0.243,0.416,20122234,4,19,0.369,0.034,13.737,0.031,14.105,0.014,13.822,0.029,13.648,0.044,13.696,0.023
14726482,289.383375,49.606689,0.357,0.674,20122234,4,20,1.014,0.020,14.456,0.011,15.470,0.016,14.894,0.018,14.140,0.034,13.899,0.101
14726483,289.391751,49.621564,0.287,0.614,20122234,3,8,0.637,0.084,16.370,0.064,17.007,0.054,16.568,0.031,16.147,0.055,,
14726484,289.408846,49.609024,0.593,0.914,20122234,3,8,0.500,0.117,15.853,0.111,16.354,0.037,15.965,0.000,15.663,0.000,,
14726486,289.423545,49.608859,0.626,0.559,20122234,4,20,1.005,0.048,14.102,0.045,15.108,0.016,14.522,0.024,13.814,0.036,13.586,0.063
14726489,289.375428,49.652158,0.615,0.724,20122234,4,17,0.643,0.083,15.900,0.062,16.543,0.056,16.140,0.026,15.736,0.059,15.623,0.000
14726490,289.398136,49.640640,0.891,0.537,20122234,3,11,0.618,0.079,15.920,0.022,16.538,0.076,16.135,0.011,15.881,0.033,15.720,0.000
14726491,289.379163,49.683281,0.301,1.780,20122234,2,3,,,,,,,16.624,0.023,16.159,0.000,,
14726492,289.379284,49.683647,0.680,1.838,20122234,2,3,0.491,0.000,16.448,0.000,16.939,0.000,,,16.453,0.083,,
14726493,289.400215,49.676901,0.356,0.732,20122234,4,17,0.648,0.055,15.349,0.049,15.997,0.025,15.587,0.022,15.151,0.056,15.033,0.075
14726494,289.533533,49.611442,0.868,0.823,20122234,2,9,0.423,0.075,15.559,0.054,15.982,0.052,15.621,0.000,15.354,0.000,15.577,0.103
14726496,289.534514,49.661582,0.820,0.886,20122234,3,5,0.939,0.061,16.504,0.000,17.443,0.061,16.948,0.000,15.928,0.000,,
14726497,289.468838,49.664030,0.597,0.690,20122234,3,15,1.098,0.080,15.711,0.071,16.809,0.037,16.246,0.024,15.260,0.041,14.979,0.060
14726498,289.480238,49.660975,0.141,0.370,20122234,4,20,0.615,0.031,13.148,0.027,13.763,0.014,13.378,0.019,13.002,0.033,12.959,0.040
14726499,289.500342,49.651562,0.469,0.415,20122234,4,19,0.591,0.050,15.492,0.049,16.084,0.009,15.700,0.036,15.380,0.048,15.213,0.125
14726500,289.490010,49.666723,0.482,1.137,20122234,4,14,0.844,0.055,15.236,0.053,16.080,0.014,15.619,0.014,14.980,0.025,14.914,0.000
14726501,289.502670,49.669592,0.518,1.250,20122234,4,10,0.586,0.183,16.598,0.182,17.185,0.022,16.744,0.046,16.251,0.093,,
14726502,289.544389,49.723623,0.819,0.870,20122234,2,9,0.619,0.059,16.376,0.057,16.996,0.016,16.522,0.026,16.155,0.023,15.992,0.000
14726503,289.551266,49.707138,0.712,1.110,20122234,2,3,0.167,0.144,17.588,0.000,17.755,0.144,,,17.226,0.000,,
14726504,289.552773,49.698147,0.157,0.523,20122234,4,19,0.821,0.042,14.405,0.040,15.226,0.011,14.733,0.028,14.171,0.031,13.990,0.052
14726505,289.484501,49.709042,0.673,0.649,20122234,3,12,0.763,0.146,16.085,0.075,16.848,0.125,16.347,0.029,15.889,0.096,,
14726506,289.503379,49.688829,0.518,0.841,20122234,3,13,1.356,0.061,15.985,0.053,17.341,0.029,16.618,0.044,15.582,0.112,15.144,0.069
14726507,289.522449,49.686606,0.381,0.973,20122234,4,12,0.732,0.211,15.764,0.209,16.496,0.031,15.972,0.006,15.401,0.014,,
14726508,289.454335,49.655727,0.387,0.383,20122234,4,18,0.520,0.034,14.808,0.033,15.328,0.009,14.973,0.022,14.655,0.032,14.557,0.059
14726509,289.457666,49.669167,0.256,0.673,20122234,2,10,0.835,0.054,15.313,0.047,16.149,0.026,15.648,0.006,15.061,0.039,14.898,0.006
14726511,289.401337,49.709622,0.609,0.564,20122234,4,22,0.481,0.100,15.411,0.089,15.891,0.045,15.475,0.042,15.188,0.016,,
14726513,289.448269,49.723677,0.146,0.644,20122234,4,16,0.570,0.052,14.877,0.043,15.448,0.030,15.049,0.028,14.641,0.040,14.533,0.016
14726514,289.452160,49.747676,0.659,0.702,20122234,4,10,0.442,0.205,16.484,0.067,16.925,0.194,16.614,0.041,16.354,0.070,,
14726515,289.477187,49.751945,0.293,0.436,20122234,4,20,0.504,0.036,14.000,0.032,14.504,0.017,14.160,0.024,13.864,0.044,13.769,0.071
14726516,289.488990,49.737599,0.357,0.391,20122234,4,19,0.497,0.039,14.660,0.026,15.156,0.029,14.822,0.026,14.549,0.043,14.495,0.073
14726517,289.433667,49.752703,0.606,0.715,20122234,2,7,0.606,0.000,16.396,0.000,17.002,0.000,16.525,0.027,16.164,0.038,16.306,0.000
14726518,289.439087,49.731246,0.543,0.414,20122234,4,20,1.000,0.029,15.073,0.006,16.073,0.029,15.531,0.010,14.726,0.035,14.511,0.052
14726519,289.421259,49.777423,0.677,0.693,20122234,4,16,0.601,0.115,15.724,0.112,16.325,0.026,15.933,0.009,15.557,0.068,15.381,0.119
14726520,289.434430,49.761487,0.245,0.419,20122234,4,20,0.592,0.055,14.407,0.051,15.000,0.019,14.610,0.019,14.251,0.016,14.157,0.045
14726527,289.361549,49.683230,0.650,0.748,20122234,3,13,0.545,0.038,16.033,0.000,16.577,0.038,16.200,0.021,15.830,0.033,15.501,0.000
14726542,289.359281,49.732579,0.857,0.810,20122234,2,9,0.478,0.101,16.518,0.068,16.996,0.075,16.599,0.000,16.331,0.108,16.158,0.000
14726543,289.369543,49.731495,1.319,0.642,20122234,2,4,1.037,0.000,16.651,0.000,17.688,0.000,16.981,0.049,16.336,0.000,,
14726547,289.388151,49.783735,1.141,1.020,20122234,2,8,0.619,0.137,16.793,0.097,17.412,0.097,16.992,0.104,16.628,0.008,,
14726548,289.390390,49.768391,0.234,0.507,20122234,4,20,0.928,0.048,14.761,0.041,15.689,0.026,15.124,0.035,14.484,0.037,14.307,0.018
14726549,289.375135,49.814012,0.762,0.877,20122234,3,9,0.657,0.076,15.809,0.016,16.465,0.074,15.992,0.008,15.653,0.015,15.312,0.000
14726551,289.361248,49.798431,0.410,0.676,20122234,4,15,0.719,0.048,14.709,0.046,15.428,0.014,14.952,0.021,14.469,0.046,14.234,0.000
14726562,289.592398,49.725102,0.643,0.786,20122234,4,19,0.728,0.038,15.147,0.031,15.874,0.022,15.414,0.033,14.901,0.039,14.821,0.138
14726563,289.563045,49.759435,0.923,0.602,20122234,4,17,0.478,0.037,15.231,0.027,15.709,0.026,15.333,0.023,15.071,0.055,15.050,0.000
14726564,289.581382,49.744407,0.321,0.317,20122234,4,20,1.317,0.066,13.424,0.061,14.741,0.026,14.004,0.028,13.010,0.043,12.648,0.045
14726565,289.518897,49.768664,0.475,0.610,20122234,4,19,0.778,0.032,15.361,0.020,16.138,0.025,15.654,0.010,15.135,0.019,14.999,0.082
14726566,289.520819,49.785573,1.102,0.809,20122234,2,5,1.702,0.000,16.466,0.000,18.168,0.000,17.215,0.058,16.039,0.000,15.172,0.000
14726567,289.553485,49.760081,0.539,0.303,20122234,4,18,0.577,0.051,15.154,0.000,15.731,0.051,15.314,0.019,14.906,0.020,14.644,0.042
14726568,289.600048,49.797531,0.369,0.459,20122234,4,19,0.586,0.064,14.988,0.061,15.573,0.018,15.180,0.024,14.807,0.025,14.757,0.041
14726569,289.544918,49.793981,0.508,0.509,20122234,4,19,0.663,0.068,15.181,0.065,15.844,0.020,15.431,0.021,15.013,0.034,14.817,0.057
14726571,289.567492,49.825683,0.137,0.405,20122234,4,20,0.632,0.037,13.447,0.033,14.080,0.017,13.673,0.027,13.301,0.033,13.168,0.038
14726572,289.576765,49.807318,0.433,0.821,20122234,3,11,0.686,0.090,16.319,0.020,17.004,0.087,16.517,0.046,16.174,0.061,15.918,0.000
14726573,289.474341,49.786012,0.496,0.583,20122234,4,18,0.774,0.055,15.454,0.034,16.228,0.043,15.748,0.048,15.263,0.050,15.085,0.126
14726575,289.494705,49.755973,1.104,0.909,20122234,3,6,0.683,0.226,16.612,0.183,17.295,0.132,16.856,0.000,16.558,0.000,,
14726576,289.521667,49.796236,0.384,0.429,20122234,3,13,0.721,0.020,15.727,0.011,16.448,0.017,15.993,0.020,15.588,0.006,15.498,0.000
14726577,289.451907,49.796883,0.623,0.629,20122234,3,11,0.727,0.076,15.755,0.054,16.482,0.054,16.067,0.014,15.648,0.030,15.375,0.000
14726578,289.464437,49.798548,0.279,0.441,20122234,4,19,0.579,0.040,15.133,0.032,15.712,0.024,15.323,0.028,14.931,0.024,14.816,0.057
14726579,289.443221,49.843429,0.420,0.500,20122234,4,20,0.549,0.054,15.164,0.032,15.713,0.043,15.368,0.035,14.998,0.070,14.878,0.044
14726580,289.473102,49.803185,0.301,0.295,20122234,4,19,0.944,0.044,14.114,0.041,15.058,0.015,14.511,0.027,13.802,0.014,13.566,0.031
14726581,289.474846,49.823759,0.622,0.602,20122234,3,12,0.667,0.116,16.256,0.105,16.924,0.049,16.412,0.009,16.063,0.032,,
14726582,289.503276,49.831366,1.065,0.578,20122234,3,11,0.545,0.097,15.956,0.097,16.501,0.000,16.129,0.043,15.829,0.066,16.031,0.000
14726583,289.524757,49.827439,0.195,0.357,20122234,4,20,0.756,0.037,13.866,0.029,14.622,0.023,14.172,0.024,13.663,0.031,13.532,0.039
14726584,289.465425,49.846072,0.443,0.530,20122234,3,10,0.833,0.011,15.975,0.000,16.809,0.011,16.300,0.037,15.847,0.045,,
14726586,289.477493,49.848438,0.419,0.577,20122234,4,24,0.594,0.056,15.280,0.041,15.875,0.038,15.481,0.020,15.074,0.028,15.007,0.039
14726587,289.484548,49.831469,0.585,0.697,20122234,4,11,0.625,0.087,16.127,0.030,16.752,0.082,16.357,0.011,15.917,0.070,15.596,0.000
14726590,289.603283,49.819115,0.730,0.550,20122234,3,6,0.729,0.118,16.305,0.104,17.034,0.057,16.497,0.000,16.056,0.000,,
14726591,289.618584,49.821756,0.696,0.874,20122234,4,17,0.527,0.088,15.532,0.076,16.059,0.045,15.644,0.043,15.445,0.176,15.152,0.000
14726593,289.635958,49.832550,0.340,0.538,20122234,4,18,0.727,0.043,15.429,0.034,16.156,0.027,15.692,0.045,15.191,0.022,15.099,0.184
14726595,289.562220,49.844303,0.548,0.626,20122234,4,14,0.662,0.042,15.337,0.026,15.999,0.033,15.578,0.024,15.186,0.053,,
14726596,289.589166,49.845002,0.285,0.327,20122234,4,20,0.586,0.030,13.734,0.029,14.320,0.010,13.932,0.023,13.576,0.023,13.511,0.083
14726626,289.401880,49.815028,0.469,0.893,20122234,4,13,0.593,0.039,15.646,0.029,16.239,0.026,15.856,0.030,15.461,0.057,15.472,0.000
14729063,289.974834,49.718069,0.662,0.376,20122234,2,8,0.438,0.058,16.204,0.058,16.642,0.000,16.244,0.076,15.957,0.006,,
14729065,289.997882,49.758803,0.615,0.787,20122234,3,7,0.782,0.073,16.344,0.000,17.126,0.073,16.695,0.000,16.221,0.083,16.300,0.000
14729066,289.936542,49.755013,0.425,0.602,20122234,3,10,0.465,0.081,15.839,0.023,16.304,0.078,15.952,0.035,15.621,0.012,,
14729068,289.941435,49.781804,0.368,1.284,20122234,2,6,0.937,0.126,16.739,0.000,17.676,0.126,17.067,0.017,16.631,0.146,,
14729069,289.985462,49.776255,0.407,0.381,20122234,4,15,0.517,0.096,15.264,0.087,15.781,0.040,15.415,0.033,15.110,0.025,15.035,0.101
14729070,290.000138,49.781112,0.387,0.162,20122234,4,19,0.471,0.032,13.203,0.031,13.674,0.008,13.343,0.020,13.074,0.023,13.015,0.017
14729072,289.951567,49.807451,0.387,0.376,20122234,4,20,0.615,0.039,14.614,0.022,15.229,0.032,14.813,0.030,14.426,0.029,14.310,0.033
14729073,289.974401,49.803768,0.535,0.567,20122234,4,15,0.651,0.025,15.530,0.014,16.182,0.020,15.769,0.011,15.353,0.069,15.161,0.086
14729074,289.887104,49.785381,0.298,0.512,20122234,4,18,0.504,0.049,14.766,0.024,15.270,0.042,14.921,0.028,14.656,0.025,14.554,0.039
14729075,289.895913,49.779739,0.632,0.777,20122234,3,13,0.876,0.085,16.030,0.081,16.906,0.026,16.390,0.009,15.771,0.063,15.595,0.000
14729077,289.898012,49.798890,0.858,0.668,20122234,2,6,0.680,0.069,16.520,0.067,17.200,0.016,16.758,0.000,16.333,0.000,,
14729078,289.901569,49.812139,0.476,0.529,20122234,3,12,0.209,0.124,16.113,0.123,16.322,0.016,16.044,0.048,16.014,0.030,,
14729079,289.917433,49.806022,1.048,0.766,20122234,4,14,0.915,0.000,16.427,0.000,17.342,0.000,16.733,0.039,15.925,0.063,15.547,0.116
14729081,289.934205,49.790426,0.869,0.676,20122234,2,4,0.488,0.090,16.690,0.000,17.178,0.090,16.975,0.000,16.662,0.000,,
14729082,289.844634,49.811691,0.433,0.478,20122234,4,20,0.729,0.054,14.495,0.034,15.224,0.042,14.767,0.028,14.319,0.019,14.193,0.035
14729083,289.856733,49.811961,0.442,0.609,20122234,4,20,0.852,0.042,14.933,0.027,15.785,0.032,15.260,0.030,14.613,0.061,14.399,0.059
14729084,289.872301,49.791312,0.470,0.448,20122234,4,20,0.756,0.053,14.252,0.042,15.008,0.032,14.529,0.023,13.994,0.038,13.836,0.085
14729085,289.851046,49.824909,0.723,0.654,20122234,4,17,0.513,0.068,15.759,0.067,16.273,0.011,15.867,0.032,15.557,0.103,15.408,0.000
14729086,289.857544,49.833258,0.407,0.323,20122234,4,20,0.438,0.036,13.867,0.031,14.305,0.019,13.995,0.026,13.758,0.050,13.730,0.025
14729087,289.879209,49.830699,0.501,0.390,20122234,4,17,0.827,0.042,15.701,0.016,16.528,0.038,15.995,0.022,15.404,0.029,15.211,0.000
14729088,289.885221,49.809195,0.516,0.927,20122234,4,13,0.740,0.130,15.685,0.111,16.425,0.067,15.915,0.033,15.426,0.168,15.206,0.000
14729090,289.957826,49.833061,0.679,0.784,20122234,4,15,0.760,0.071,16.094,0.044,16.854,0.056,16.391,0.036,15.819,0.022,15.526,0.000
14729093,289.886554,49.843803,1.094,1.175,20122234,3,6,0.459,0.261,16.908,0.166,17.367,0.201,17.250,0.000,16.730,0.000,,
14729098,290.015869,49.837834,0.776,0.523,20122234,4,20,0.517,0.059,15.621,0.020,16.138,0.055,15.784,0.029,15.400,0.066,15.327,0.049
14729102,290.005538,49.834891,1.176,0.573,20122234,3,8,0.609,0.127,16.895,0.078,17.504,0.100,17.011,0.000,16.530,0.000,,
14729132,289.835388,49.825703,0.650,0.523,20122234,3,15,0.693,0.029,15.262,0.022,15.956,0.018,15.496,0.006,15.036,0.047,14.899,0.036
14729136,289.829195,49.842085,0.335,0.375,20122234,4,19,0.422,0.034,14.461,0.024,14.883,0.024,14.572,0.029,14.305,0.054,14.249,0.051
14729137,289.848256,49.840575,0.586,0.841,20122234,2,7,0.699,0.056,16.043,0.041,16.742,0.037,16.284,0.000,15.699,0.000,15.500,0.000
